[
    {
        "fullname": "Jaydeep Jethwa",
        "email": "jaydeep@ccco.co.in",
        "password": "$2b$12$GPweTiXkn8q2FJ3TeS89B.LnXy2aU8xJCAf625fcfwFNhRhJm1vWm"
    },
    {
        "fullname": "Payal Jethwa",
        "email": "payal@ccco.co.in",
        "password": "$2b$12$BQPhwTjjQCiHeAolHyilT.s2PTGcd84mHw8vljIkN/ReKqGlDTKn6"
    },
    {
        "fullname": "Bhakti",
        "email": "bhakti@ccco.co.in",
        "password": "$2b$12$5NpVWOAI3MrNWhctqaGzUOT8qdqNkjgOnsX89lVy7k/LKYlR9bwFm"
    },
    {
        "fullname": "Tanuja",
        "email": "tanuja@ccco.co.in",
        "password": "$2b$12$fQNfnKN6rCgSIoSbrcnug.CRgPhrLhiCEfe5L5lE8qO13ewzwHJ4q"
    },
    {
        "fullname": "Alok",
        "email": "alok@ccco.co.in",
        "password": "$2b$12$hmc.JPXIy3tVqHLTPKIQ1.W058m5QpL/9UXqN3CcbGLuuByMVeDhC"
    },
    {
        "fullname": "kiran kittur",
        "email": "kitturkiran219@gmail.com",
        "password": "$2b$12$Bg6gHXVOFmC15t779/IlW.bDcLkkSlG.tCTIWnhIRcXrP960Yfl5q"
    }
]